plant,capacity,volatility
imports_AL,250,76.64466474
imports_BG,700,75.49134056
imports_IT,500,77.79798891
imports_NM,450,76.64466474
imports_TR,166,76.64466474
imports_CY,2000,76.64466474
